driver,driverwiki
abate,http://en.wikipedia.org/wiki/Carlo_Mario_Abate
abecassis,http://en.wikipedia.org/wiki/George_Abecassis
acheson,http://en.wikipedia.org/wiki/Kenny_Acheson
adams,http://en.wikipedia.org/wiki/Philippe_Adams
ader,http://en.wikipedia.org/wiki/Walt_Ader
adolff,http://en.wikipedia.org/wiki/Kurt_Adolff
agabashian,http://en.wikipedia.org/wiki/Fred_Agabashian
ahrens,http://en.wikipedia.org/wiki/Kurt_Ahrens
aitken,http://en.wikipedia.org/wiki/Jack_Aitken
albers,http://en.wikipedia.org/wiki/Christijan_Albers
albon,http://en.wikipedia.org/wiki/Alexander_Albon
alboreto,http://en.wikipedia.org/wiki/Michele_Alboreto
alesi,http://en.wikipedia.org/wiki/Jean_Alesi
alguersuari,http://en.wikipedia.org/wiki/Jaime_Alguersuari
alliot,http://en.wikipedia.org/wiki/Philippe_Alliot
allison,http://en.wikipedia.org/wiki/Cliff_Allison
alonso,http://en.wikipedia.org/wiki/Fernando_Alonso
amati,http://en.wikipedia.org/wiki/Giovanna_Amati
amick,http://en.wikipedia.org/wiki/Red_Amick
george_amick,http://en.wikipedia.org/wiki/George_Amick
amon,http://en.wikipedia.org/wiki/Chris_Amon
anderson,http://en.wikipedia.org/wiki/Bob_Anderson_(racing_driver)
andersson,http://en.wikipedia.org/wiki/Conny_Andersson_(racing_driver)
andretti,http://en.wikipedia.org/wiki/Michael_Andretti
mario_andretti,http://en.wikipedia.org/wiki/Mario_Andretti
andrews,http://en.wikipedia.org/wiki/Keith_Andrews_(driver)
apicella,http://en.wikipedia.org/wiki/Marco_Apicella
armi,http://en.wikipedia.org/wiki/Frank_Armi
arnold,http://en.wikipedia.org/wiki/Chuck_Arnold
arnoux,http://en.wikipedia.org/wiki/Ren%C3%A9_Arnoux
